{"cameraMode":{"drawMode":0,"name":"Shaded","section":"Shading Mode"},"sceneLighting":false,"audioPlay":false,"sceneViewState":{"m_AlwaysRefresh":false,"showFog":true,"showSkybox":false,"showFlares":true,"showImageEffects":true,"showParticleSystems":true,"showVisualEffectGraphs":true,"m_FxEnabled":true},"in2DMode":false,"pivot":{"x":173.17767333984376,"y":4.60004997253418,"z":207.5998992919922},"rotation":{"x":-0.06743768602609635,"y":0.025406865403056146,"z":-0.0017201307928189636,"w":-0.9974060654640198},"size":2.134897232055664,"orthographic":false}